Number,Date Time,Water Usage(cm),Yield(cm)
1,8/29/2024,2.31,97.69
2,8/29/2024,2.31,97.69
3,8/29/2024,2.31,97.69
4,8/29/2024,2.31,97.69
5,8/29/2024,2.31,97.69
6,8/29/2024,2.31,97.69
7,8/29/2024,2.31,97.69
8,8/29/2024,2.31,97.69
9,8/29/2024,2.31,97.69
10,8/29/2024,2.31,97.69
11,8/29/2024,2.31,97.69
12,8/29/2024,2.31,97.69
13,8/29/2024,2.31,97.69
14,8/29/2024,2.31,97.69
15,8/29/2024,2.31,97.69
16,8/29/2024,2.31,97.69
17,8/29/2024,2.31,97.69
18,8/29/2024,2.31,97.69
19,8/29/2024,2.31,97.69
20,8/29/2024,2.31,97.69
21,8/29/2024,2.31,97.69
22,8/29/2024,2.31,97.69
23,8/29/2024,2.31,97.69
24,8/29/2024,2.31,97.69
25,8/29/2024,2.31,97.69
26,8/29/2024,2.31,97.69
27,8/29/2024,2.31,97.69
28,8/29/2024,2.31,97.69
29,8/29/2024,2.31,97.69
30,8/29/2024,2.31,97.69
31,8/29/2024,2.31,97.69
32,8/29/2024,2.31,97.69
33,8/29/2024,2.31,97.69
34,8/29/2024,2.31,97.69
35,8/29/2024,2.31,97.69
36,8/29/2024,2.31,97.69
37,8/29/2024,2.31,97.69
38,8/29/2024,2.31,97.69
39,8/29/2024,2.31,97.69
40,8/29/2024,2.31,97.69
41,8/29/2024,2.31,97.69
42,8/29/2024,2.31,97.69
43,8/29/2024,2.31,97.69
44,8/29/2024,2.31,97.69
45,8/29/2024,2.31,97.69
46,8/29/2024,2.31,97.69
47,8/29/2024,2.31,97.69
48,8/29/2024,2.31,97.69
49,8/29/2024,2.31,97.69
50,8/29/2024,2.31,97.69
51,8/29/2024,2.31,97.69
52,8/29/2024,2.31,97.69
53,8/29/2024,2.31,97.69
54,8/29/2024,2.31,97.69
55,8/29/2024,2.31,97.69
56,8/29/2024,2.31,97.69
57,8/29/2024,2.31,97.69
58,8/29/2024,2.31,97.69
59,8/29/2024,2.31,97.69
60,8/29/2024,2.31,97.69
61,8/29/2024,2.31,97.69
62,8/29/2024,2.31,97.69
63,8/29/2024,2.31,97.69
64,8/29/2024,2.31,97.69
65,8/29/2024,2.31,97.69
66,8/29/2024,2.31,97.69
67,8/29/2024,2.31,97.69
68,8/29/2024,2.31,97.69
69,8/29/2024,2.31,97.69
70,8/29/2024,2.31,97.69
71,8/29/2024,2.31,97.69
72,8/29/2024,2.31,97.69
73,8/29/2024,2.31,97.69
74,8/29/2024,2.31,97.69
75,8/29/2024,2.31,97.69
76,8/29/2024,2.31,97.69
77,8/29/2024,2.31,97.69
78,8/29/2024,2.31,97.69
79,8/29/2024,2.31,97.69
80,8/29/2024,2.31,97.69
81,8/29/2024,2.31,97.69
82,8/29/2024,2.31,97.69
83,8/29/2024,2.31,97.69
84,8/29/2024,2.31,97.69
85,8/29/2024,2.31,97.69
86,8/29/2024,2.31,97.69
87,8/29/2024,2.31,97.69
88,8/29/2024,2.31,97.69
89,8/29/2024,2.31,97.69
90,8/29/2024,2.31,97.69
91,8/29/2024,2.31,97.69
92,8/29/2024,2.31,97.69
93,8/29/2024,2.31,97.69
94,8/29/2024,2.31,97.69
95,8/29/2024,2.31,97.69
96,8/29/2024,2.31,97.69
97,8/29/2024,2.31,97.69
98,8/29/2024,2.31,97.69
99,8/29/2024,2.31,97.69
100,8/29/2024,2.31,97.69
101,8/29/2024,2.31,97.69
102,8/29/2024,2.31,97.69
103,8/29/2024,2.31,97.69
104,8/29/2024,2.31,97.69
105,8/29/2024,2.31,97.69
106,8/29/2024,2.31,97.69
107,8/29/2024,2.31,97.69
108,8/29/2024,2.31,97.69
109,8/29/2024,2.31,97.69
110,8/29/2024,2.31,97.69
111,8/29/2024,2.31,97.69
112,8/29/2024,2.31,97.69
113,8/29/2024,2.31,97.69
114,8/29/2024,2.31,97.69
115,8/29/2024,2.31,97.69
116,8/29/2024,2.31,97.69
117,8/29/2024,2.31,97.69
118,8/29/2024,2.31,97.69
119,8/29/2024,2.31,97.69
120,8/29/2024,2.31,97.69
121,8/29/2024,2.31,97.69
122,8/29/2024,2.31,97.69
123,8/29/2024,2.31,97.69
124,8/29/2024,2.31,97.69
125,8/29/2024,2.31,97.69
126,8/29/2024,2.31,97.69
127,8/29/2024,2.31,97.69
128,8/29/2024,2.31,97.69
129,8/29/2024,2.31,97.69
130,8/29/2024,2.31,97.69
131,8/29/2024,2.31,97.69
132,8/29/2024,2.31,97.69
133,8/29/2024,2.31,97.69
134,8/29/2024,2.31,97.69
135,8/29/2024,2.31,97.69
136,8/29/2024,2.31,97.69
137,8/29/2024,2.31,97.69
138,8/29/2024,2.31,97.69
139,8/29/2024,2.31,97.69
140,8/29/2024,2.31,97.69
141,8/29/2024,2.31,97.69
142,8/29/2024,2.31,97.69
143,8/29/2024,2.31,97.69
144,8/29/2024,2.31,97.69
145,8/29/2024,2.31,97.69
146,8/29/2024,2.31,97.69
147,8/29/2024,2.31,97.69
148,8/29/2024,2.31,97.69
149,8/29/2024,2.31,97.69
150,8/29/2024,2.31,97.69
151,8/29/2024,2.31,97.69
152,8/29/2024,2.31,97.69
153,8/29/2024,2.31,97.69
154,8/29/2024,2.31,97.69
155,8/29/2024,2.31,97.69
156,8/29/2024,2.31,97.69
157,8/29/2024,2.31,97.69
158,8/29/2024,2.31,97.69
159,9/1/2024,2.31,97.69
160,9/1/2024,2.31,97.69
161,9/1/2024,2.31,97.69
162,9/1/2024,2.31,97.69
163,9/1/2024,2.31,97.69
164,9/1/2024,2.31,97.69
165,9/1/2024,2.31,97.69
166,9/1/2024,2.31,97.69
167,9/1/2024,2.31,97.69
168,9/1/2024,2.31,97.69
169,9/1/2024,2.31,97.69
170,9/1/2024,2.31,97.69
171,9/1/2024,2.31,97.69
172,9/1/2024,2.31,97.69
173,9/1/2024,2.31,97.69
174,9/1/2024,2.31,97.69
175,9/1/2024,2.31,97.69
176,9/1/2024,2.31,97.69
177,9/1/2024,2.31,97.69
178,9/1/2024,2.31,97.69
179,9/1/2024,2.31,97.69
180,9/1/2024,2.31,97.69
181,9/1/2024,2.31,97.69
182,9/1/2024,2.31,97.69
183,9/1/2024,2.31,97.69
184,9/1/2024,2.31,97.69
185,9/1/2024,2.31,97.69
186,9/1/2024,2.31,97.69
187,9/1/2024,2.31,97.69
188,9/1/2024,2.31,97.69
189,9/1/2024,2.31,97.69
190,9/1/2024,2.31,97.69
191,9/1/2024,2.31,97.69
192,9/1/2024,2.31,97.69
193,9/1/2024,2.31,97.69
194,9/1/2024,2.31,97.69
195,9/1/2024,2.31,97.69
196,9/1/2024,2.31,97.69
197,9/1/2024,2.31,97.69
198,9/1/2024,2.31,97.69
199,9/1/2024,2.31,97.69
200,9/1/2024,2.31,97.69
201,9/1/2024,2.31,97.69
202,9/1/2024,2.31,97.69
203,9/1/2024,2.31,97.69
204,9/1/2024,2.31,97.69
205,9/1/2024,2.31,97.69
206,9/1/2024,2.31,97.69
207,9/1/2024,2.31,97.69
208,9/1/2024,2.31,97.69
209,9/1/2024,2.31,97.69
210,9/1/2024,2.31,97.69
211,9/1/2024,2.31,97.69
212,9/1/2024,2.31,97.69
213,9/1/2024,2.31,97.69
214,9/1/2024,2.31,97.69
215,9/1/2024,2.31,97.69
216,9/1/2024,2.31,97.69
217,9/1/2024,2.31,97.69
218,9/1/2024,2.31,97.69
219,9/1/2024,2.31,97.69
220,9/1/2024,2.31,97.69
221,9/1/2024,2.31,97.69
222,9/1/2024,2.31,97.69
223,9/1/2024,2.31,97.69
224,9/1/2024,2.31,97.69
225,9/1/2024,2.31,97.69
226,9/1/2024,2.31,97.69
227,9/1/2024,2.31,97.69
228,9/1/2024,2.31,97.69
229,9/1/2024,2.31,97.69
230,9/1/2024,2.31,97.69
231,9/1/2024,2.31,97.69
232,9/1/2024,2.31,97.69
233,9/1/2024,2.31,97.69
234,9/1/2024,2.31,97.69
235,9/1/2024,2.31,97.69
236,9/1/2024,2.31,97.69
237,9/1/2024,2.31,97.69
238,9/1/2024,2.31,97.69
239,9/1/2024,2.31,97.69
240,9/1/2024,2.31,97.69
241,9/1/2024,2.31,97.69
242,9/1/2024,2.31,97.69
243,9/1/2024,2.31,97.69
244,9/1/2024,2.31,97.69
245,9/1/2024,2.31,97.69
246,9/1/2024,2.31,97.69
247,9/1/2024,2.31,97.69
248,9/1/2024,2.31,97.69
249,9/1/2024,2.31,97.69
250,9/1/2024,2.31,97.69
251,9/1/2024,2.31,97.69
252,9/1/2024,2.31,97.69
253,9/1/2024,2.31,97.69
254,9/1/2024,2.31,97.69
255,9/1/2024,2.31,97.69
256,9/1/2024,2.31,97.69
257,9/1/2024,2.31,97.69
258,9/1/2024,2.31,97.69
259,9/1/2024,2.31,97.69
260,9/1/2024,2.31,97.69
261,9/1/2024,2.31,97.69
262,9/1/2024,2.31,97.69
263,9/1/2024,2.31,97.69
264,9/1/2024,2.31,97.69
265,9/1/2024,2.31,97.69
266,9/1/2024,2.31,97.69
267,9/1/2024,2.31,97.69
268,9/1/2024,2.31,97.69
269,9/1/2024,2.31,97.69
270,9/1/2024,2.31,97.69
271,9/1/2024,2.31,97.69
272,9/1/2024,2.31,97.69
273,9/1/2024,2.31,97.69
274,9/1/2024,2.31,97.69
275,9/1/2024,2.31,97.69
276,9/1/2024,2.36,97.64
277,9/1/2024,2.36,97.64
278,9/1/2024,2.38,97.62
279,9/1/2024,2.38,97.62
280,9/1/2024,2.38,97.62
281,9/1/2024,2.38,97.62
282,9/1/2024,2.38,97.62
283,9/1/2024,2.38,97.62
284,9/1/2024,2.38,97.62
285,9/1/2024,2.38,97.62
286,9/1/2024,2.38,97.62
287,9/1/2024,2.38,97.62
288,9/1/2024,2.38,97.62
289,9/1/2024,2.38,97.62
290,9/1/2024,2.38,97.62
291,9/1/2024,2.38,97.62
292,9/1/2024,2.38,97.62
293,9/1/2024,2.38,97.62
294,9/1/2024,2.38,97.62
295,9/1/2024,2.38,97.62
296,9/1/2024,2.38,97.62
297,9/1/2024,2.38,97.62
298,9/1/2024,2.38,97.62
299,9/1/2024,2.38,97.62
300,9/1/2024,2.38,97.62
301,9/1/2024,2.38,97.62
302,9/1/2024,2.38,97.62
303,9/1/2024,2.38,97.62
304,9/1/2024,2.38,97.62
305,9/1/2024,2.38,97.62
306,9/1/2024,2.38,97.62
307,9/1/2024,2.38,97.62
308,9/1/2024,2.38,97.62
309,9/1/2024,2.38,97.62
310,9/1/2024,2.38,97.62
311,9/1/2024,2.38,97.62
312,9/1/2024,2.38,97.62
313,9/1/2024,2.38,97.62
314,9/1/2024,2.38,97.62
315,9/1/2024,2.38,97.62
316,9/1/2024,2.38,97.62
317,9/1/2024,2.38,97.62
318,9/1/2024,2.38,97.62
319,9/1/2024,2.38,97.62
320,9/1/2024,2.38,97.62
321,9/1/2024,2.38,97.62
322,9/1/2024,2.38,97.62
323,9/1/2024,2.38,97.62
324,9/1/2024,2.38,97.62
325,9/1/2024,2.38,97.62
326,9/1/2024,2.38,97.62
327,9/1/2024,2.38,97.62
328,9/1/2024,2.38,97.62
329,9/1/2024,2.38,97.62
330,9/1/2024,2.38,97.62
331,9/1/2024,2.38,97.62
332,9/1/2024,2.38,97.62
333,9/1/2024,2.38,97.62
334,9/1/2024,2.38,97.62
335,9/1/2024,2.38,97.62
336,9/1/2024,2.38,97.62
337,9/1/2024,2.38,97.62
338,9/1/2024,2.38,97.62
339,9/1/2024,2.38,97.62
340,9/1/2024,2.38,97.62
341,9/1/2024,2.38,97.62
342,9/1/2024,2.38,97.62
343,9/1/2024,2.38,97.62
344,9/1/2024,2.38,97.62
345,9/1/2024,2.38,97.62
346,9/1/2024,2.38,97.62
347,9/1/2024,2.38,97.62
348,9/1/2024,2.38,97.62
349,9/1/2024,2.38,97.62
350,9/1/2024,2.38,97.62
351,9/1/2024,2.38,97.62
352,9/1/2024,2.38,97.62
353,9/1/2024,2.38,97.62
354,9/1/2024,2.38,97.62
355,9/1/2024,2.38,97.62
356,9/1/2024,2.38,97.62
357,9/1/2024,2.38,97.62
358,9/1/2024,2.38,97.62
359,9/1/2024,2.38,97.62
360,9/1/2024,2.38,97.62
361,9/1/2024,2.4,97.6
362,9/1/2024,2.4,97.6
363,9/1/2024,2.4,97.6
364,9/1/2024,2.4,97.6
365,9/1/2024,2.4,97.6
366,9/1/2024,2.4,97.6
367,9/1/2024,2.4,97.6
368,9/1/2024,2.4,97.6
369,9/1/2024,2.4,97.6
370,9/1/2024,2.4,97.6
371,9/1/2024,2.4,97.6
372,9/1/2024,2.4,97.6
373,9/1/2024,2.4,97.6
374,9/1/2024,2.4,97.6
375,9/1/2024,2.4,97.6
376,9/1/2024,2.4,97.6
377,9/1/2024,2.4,97.6
378,9/1/2024,2.4,97.6
379,9/1/2024,2.4,97.6
380,9/1/2024,2.4,97.6
381,9/1/2024,2.4,97.6
382,9/1/2024,2.4,97.6
383,9/1/2024,2.4,97.6
384,9/1/2024,2.4,97.6
385,9/1/2024,2.4,97.6
386,9/1/2024,2.4,97.6
387,9/1/2024,2.4,97.6
388,9/1/2024,2.4,97.6
389,9/1/2024,2.4,97.6
390,9/1/2024,2.4,97.6
391,9/1/2024,2.4,97.6
392,9/1/2024,2.4,97.6
393,9/1/2024,2.4,97.6
394,9/1/2024,2.4,97.6
395,9/1/2024,2.4,97.6
396,9/1/2024,2.4,97.6
397,9/1/2024,2.4,97.6
398,9/1/2024,2.4,97.6
399,9/1/2024,2.4,97.6
400,9/1/2024,2.4,97.6
401,9/1/2024,2.4,97.6
402,9/1/2024,2.4,97.6
403,9/1/2024,2.4,97.6
404,9/1/2024,2.4,97.6
405,9/1/2024,2.4,97.6
406,9/1/2024,2.4,97.6
407,9/1/2024,2.4,97.6
408,9/1/2024,2.4,97.6
409,9/1/2024,2.4,97.6
410,9/1/2024,2.4,97.6
411,9/1/2024,2.4,97.6
412,9/1/2024,2.4,97.6
413,9/1/2024,2.4,97.6
414,9/1/2024,2.4,97.6
415,9/1/2024,2.4,97.6
416,9/1/2024,2.4,97.6
417,9/1/2024,2.4,97.6
418,9/1/2024,2.4,97.6
419,9/1/2024,2.4,97.6
420,9/1/2024,2.31,97.69
421,9/1/2024,2.31,97.69
422,9/1/2024,2.31,97.69
423,9/1/2024,2.31,97.69
424,9/1/2024,2.31,97.69
425,9/1/2024,2.31,97.69
426,9/1/2024,2.31,97.69
427,9/1/2024,2.31,97.69
428,9/1/2024,2.31,97.69
429,9/1/2024,2.31,97.69
430,9/1/2024,2.31,97.69
431,9/1/2024,2.31,97.69
432,9/1/2024,2.31,97.69
433,9/1/2024,2.31,97.69
434,9/1/2024,2.31,97.69
435,9/1/2024,2.31,97.69
436,9/1/2024,2.31,97.69
437,9/1/2024,2.31,97.69
438,9/1/2024,2.31,97.69
439,9/1/2024,2.31,97.69
440,9/1/2024,2.31,97.69
441,9/1/2024,2.31,97.69
442,9/1/2024,2.31,97.69
443,9/1/2024,2.31,97.69
444,9/1/2024,2.31,97.69
445,9/1/2024,2.31,97.69
446,9/1/2024,2.31,97.69
447,9/1/2024,2.31,97.69
448,9/1/2024,2.31,97.69
449,9/1/2024,2.31,97.69
450,9/1/2024,2.31,97.69
451,9/1/2024,2.31,97.69
452,9/1/2024,2.31,97.69
453,9/1/2024,2.31,97.69
454,9/1/2024,2.31,97.69
455,9/1/2024,2.31,97.69
456,9/1/2024,2.31,97.69
457,9/1/2024,2.31,97.69
458,9/1/2024,2.31,97.69
459,9/1/2024,2.31,97.69
460,9/1/2024,2.31,97.69
461,9/1/2024,2.31,97.69
462,9/1/2024,2.31,97.69
463,9/1/2024,2.31,97.69
464,9/1/2024,2.31,97.69
465,9/1/2024,2.31,97.69
466,9/1/2024,2.31,97.69
467,9/1/2024,2.31,97.69
468,9/1/2024,2.31,97.69
469,9/1/2024,2.31,97.69
470,9/1/2024,2.31,97.69
471,9/1/2024,2.31,97.69
472,9/1/2024,2.31,97.69
473,9/1/2024,2.31,97.69
474,9/1/2024,2.31,97.69
475,9/1/2024,2.33,97.67
476,9/1/2024,2.33,97.67
477,9/1/2024,2.33,97.67
478,9/1/2024,2.33,97.67
479,9/1/2024,2.33,97.67
480,9/1/2024,2.33,97.67
481,9/1/2024,2.33,97.67
482,9/1/2024,2.33,97.67
483,9/1/2024,2.33,97.67
484,9/1/2024,2.33,97.67
485,9/1/2024,2.4,97.6
486,9/1/2024,2.4,97.6
487,9/1/2024,2.4,97.6
488,9/1/2024,2.4,97.6
489,9/1/2024,2.4,97.6
490,9/1/2024,2.4,97.6
491,9/1/2024,2.4,97.6
492,9/1/2024,2.31,97.69
493,9/1/2024,2.31,97.69
494,9/1/2024,2.31,97.69
495,9/1/2024,2.31,97.69
496,9/1/2024,2.31,97.69
497,9/1/2024,2.31,97.69
498,9/1/2024,2.31,97.69
499,9/1/2024,2.31,97.69
500,9/1/2024,2.31,97.69
501,9/1/2024,2.31,97.69
502,9/1/2024,2.31,97.69
503,9/1/2024,2.31,97.69
504,9/1/2024,2.31,97.69
505,9/1/2024,2.31,97.69
506,9/1/2024,2.31,97.69
507,9/1/2024,2.31,97.69
508,9/1/2024,2.31,97.69
509,9/1/2024,2.31,97.69
510,9/1/2024,2.31,97.69
511,9/1/2024,2.31,97.69
512,9/1/2024,2.31,97.69
513,9/1/2024,2.31,97.69
514,9/1/2024,2.31,97.69
515,9/1/2024,2.31,97.69
516,9/1/2024,2.31,97.69
517,9/1/2024,2.33,97.67
518,9/1/2024,2.33,97.67
519,9/1/2024,2.33,97.67
520,9/1/2024,2.33,97.67
521,9/1/2024,2.33,97.67
522,9/1/2024,2.33,97.67
523,9/1/2024,2.33,97.67
524,9/1/2024,2.33,97.67
525,9/1/2024,2.33,97.67
526,9/1/2024,2.33,97.67
527,9/1/2024,2.33,97.67
528,9/1/2024,2.33,97.67
529,9/1/2024,2.33,97.67
530,9/1/2024,2.33,97.67
531,9/1/2024,2.33,97.67
532,9/1/2024,2.33,97.67
533,9/1/2024,2.33,97.67
534,9/1/2024,2.33,97.67
535,9/1/2024,2.33,97.67
536,9/1/2024,2.33,97.67
537,9/1/2024,2.35,97.65
538,9/1/2024,2.35,97.65
539,9/1/2024,2.35,97.65
540,9/1/2024,2.35,97.65
541,9/1/2024,2.35,97.65
542,9/1/2024,2.35,97.65
543,9/1/2024,2.35,97.65
544,9/1/2024,2.35,97.65
545,9/1/2024,2.35,97.65
546,9/1/2024,2.35,97.65
547,9/1/2024,2.35,97.65
548,9/1/2024,2.35,97.65
549,9/1/2024,2.35,97.65
550,9/1/2024,2.35,97.65
551,9/1/2024,2.35,97.65
552,9/1/2024,2.35,97.65
553,9/1/2024,2.35,97.65
554,9/1/2024,2.35,97.65
555,9/1/2024,2.35,97.65
556,9/1/2024,2.35,97.65
557,9/1/2024,2.35,97.65
558,9/1/2024,2.35,97.65
559,9/1/2024,2.35,97.65
560,9/1/2024,2.35,97.65
561,9/1/2024,2.35,97.65
562,9/1/2024,2.35,97.65
563,9/1/2024,2.35,97.65
564,9/1/2024,2.35,97.65
565,9/1/2024,2.35,97.65
566,9/1/2024,2.35,97.65
567,9/1/2024,2.35,97.65
568,9/1/2024,2.35,97.65
569,9/1/2024,2.35,97.65
570,9/1/2024,2.35,97.65
571,9/1/2024,2.35,97.65
572,9/1/2024,2.35,97.65
573,9/1/2024,2.35,97.65
574,9/1/2024,2.35,97.65
575,9/1/2024,2.35,97.65
576,9/1/2024,2.35,97.65
577,9/1/2024,2.35,97.65
578,9/1/2024,2.35,97.65
579,9/1/2024,2.35,97.65
580,9/1/2024,2.35,97.65
581,9/1/2024,2.35,97.65
582,9/1/2024,2.35,97.65
583,9/1/2024,2.35,97.65
584,9/1/2024,2.35,97.65
585,9/1/2024,2.35,97.65
586,9/1/2024,2.35,97.65
587,9/1/2024,2.35,97.65
588,9/1/2024,2.35,97.65
589,9/1/2024,2.35,97.65
590,9/1/2024,2.35,97.65
591,9/1/2024,2.35,97.65
592,9/1/2024,2.35,97.65
593,9/1/2024,2.35,97.65
594,9/1/2024,2.35,97.65
595,9/1/2024,2.35,97.65
596,9/1/2024,2.35,97.65
597,9/1/2024,2.35,97.65
598,9/1/2024,2.35,97.65
599,9/1/2024,2.35,97.65
600,9/1/2024,2.35,97.65
601,9/1/2024,2.35,97.65
602,9/1/2024,2.36,97.64
603,9/1/2024,2.36,97.64
604,9/1/2024,2.36,97.64
605,9/1/2024,2.36,97.64
606,9/1/2024,2.36,97.64
607,9/1/2024,2.36,97.64
608,9/1/2024,2.36,97.64
609,9/1/2024,2.36,97.64
610,9/1/2024,2.36,97.64
611,9/1/2024,2.36,97.64
612,9/1/2024,2.36,97.64
613,9/1/2024,2.36,97.64
614,9/1/2024,2.36,97.64
615,9/1/2024,2.41,97.59
616,9/1/2024,2.41,97.59
617,9/1/2024,2.41,97.59
618,9/1/2024,2.41,97.59
619,9/1/2024,2.41,97.59
620,9/1/2024,2.41,97.59
621,9/1/2024,2.41,97.59
622,9/1/2024,2.41,97.59
623,9/1/2024,2.31,97.69
624,9/1/2024,2.31,97.69
625,9/1/2024,2.31,97.69
626,9/1/2024,2.31,97.69
627,9/1/2024,2.31,97.69
628,9/1/2024,2.31,97.69
629,9/1/2024,2.31,97.69
630,9/1/2024,2.31,97.69
631,9/1/2024,2.31,97.69
632,9/1/2024,2.31,97.69
633,9/1/2024,2.31,97.69
634,9/1/2024,2.31,97.69
635,9/1/2024,2.31,97.69
636,9/1/2024,2.31,97.69
637,9/1/2024,2.31,97.69
638,9/1/2024,2.31,97.69
639,9/1/2024,2.31,97.69
640,9/1/2024,2.31,97.69
641,9/1/2024,2.31,97.69
642,9/1/2024,2.31,97.69
643,9/1/2024,2.31,97.69
644,9/1/2024,2.31,97.69
645,9/1/2024,2.31,97.69
646,9/1/2024,2.31,97.69
647,9/1/2024,2.31,97.69
648,9/1/2024,2.31,97.69
649,9/1/2024,2.31,97.69
650,9/1/2024,2.31,97.69
651,9/1/2024,2.31,97.69
652,9/1/2024,2.31,97.69
653,9/1/2024,2.31,97.69
654,9/1/2024,2.31,97.69
655,9/1/2024,2.31,97.69
656,9/1/2024,2.31,97.69
657,9/1/2024,2.31,97.69
658,9/1/2024,2.31,97.69
659,9/1/2024,2.31,97.69
660,9/1/2024,2.31,97.69
661,9/1/2024,2.31,97.69
662,9/1/2024,2.31,97.69
663,9/1/2024,2.31,97.69
664,9/1/2024,2.31,97.69
665,9/1/2024,2.33,97.67
666,9/1/2024,2.33,97.67
667,9/1/2024,2.33,97.67
668,9/1/2024,2.33,97.67
669,9/1/2024,2.33,97.67
670,9/1/2024,2.33,97.67
671,9/1/2024,2.33,97.67
672,9/1/2024,2.33,97.67
673,9/1/2024,2.33,97.67
674,9/1/2024,2.33,97.67
675,9/1/2024,2.33,97.67
676,9/1/2024,2.33,97.67
677,9/1/2024,2.33,97.67
678,9/1/2024,2.33,97.67
679,9/1/2024,2.33,97.67
680,9/1/2024,2.33,97.67
681,9/1/2024,2.33,97.67
682,9/1/2024,2.33,97.67
683,9/1/2024,2.33,97.67
684,9/1/2024,2.33,97.67
685,9/1/2024,2.33,97.67
686,9/1/2024,2.33,97.67
687,9/1/2024,2.33,97.67
688,9/1/2024,2.33,97.67
689,9/1/2024,2.33,97.67
690,9/1/2024,2.33,97.67
691,9/1/2024,2.33,97.67
692,9/1/2024,2.33,97.67
693,9/1/2024,2.33,97.67
694,9/1/2024,2.33,97.67
695,9/1/2024,2.33,97.67
696,9/1/2024,2.33,97.67
697,9/1/2024,2.33,97.67
698,9/1/2024,2.33,97.67
699,9/1/2024,2.33,97.67
700,9/1/2024,2.33,97.67
701,9/1/2024,2.33,97.67
702,9/1/2024,2.33,97.67
703,9/1/2024,2.33,97.67
704,9/1/2024,2.33,97.67
705,9/1/2024,2.33,97.67
706,9/1/2024,2.33,97.67
707,9/1/2024,2.33,97.67
708,9/1/2024,2.33,97.67
709,9/1/2024,2.33,97.67
710,9/1/2024,2.33,97.67
711,9/1/2024,2.33,97.67
712,9/1/2024,2.33,97.67
713,9/1/2024,2.38,97.62
714,9/1/2024,2.31,97.69
715,9/1/2024,2.31,97.69
716,9/1/2024,2.31,97.69
717,9/1/2024,2.31,97.69
718,9/1/2024,2.31,97.69
719,9/1/2024,2.31,97.69
720,9/1/2024,2.31,97.69
721,9/1/2024,2.31,97.69
722,9/1/2024,2.31,97.69
723,9/1/2024,2.31,97.69
724,9/1/2024,2.31,97.69
725,9/1/2024,2.31,97.69
726,9/1/2024,2.31,97.69
727,9/1/2024,2.31,97.69
728,9/1/2024,2.31,97.69
729,9/1/2024,2.31,97.69
730,9/1/2024,2.31,97.69
731,9/1/2024,2.31,97.69
732,9/1/2024,2.31,97.69
733,9/1/2024,2.31,97.69
734,9/1/2024,2.31,97.69
735,9/1/2024,2.31,97.69
736,9/1/2024,2.31,97.69
737,9/1/2024,2.31,97.69
738,9/1/2024,2.31,97.69
739,9/1/2024,2.31,97.69
740,9/1/2024,2.31,97.69
741,9/1/2024,2.31,97.69
742,9/1/2024,2.31,97.69
743,9/1/2024,2.31,97.69
744,9/1/2024,2.31,97.69
745,9/1/2024,2.31,97.69
746,9/1/2024,2.31,97.69
747,9/1/2024,2.31,97.69
748,9/1/2024,2.31,97.69
749,9/1/2024,2.31,97.69
750,9/1/2024,2.31,97.69
751,9/1/2024,2.31,97.69
752,9/1/2024,2.31,97.69
753,9/1/2024,2.31,97.69
754,9/1/2024,2.31,97.69
755,9/1/2024,2.31,97.69
756,9/1/2024,2.31,97.69
757,9/1/2024,2.31,97.69
758,9/1/2024,2.31,97.69
759,9/1/2024,2.31,97.69
760,9/1/2024,2.31,97.69
761,9/1/2024,2.31,97.69
762,9/1/2024,2.31,97.69
763,9/1/2024,2.31,97.69
764,9/1/2024,2.31,97.69
765,9/1/2024,2.31,97.69
766,9/1/2024,2.31,97.69
767,9/1/2024,2.31,97.69
768,9/1/2024,2.31,97.69
769,9/1/2024,2.31,97.69
770,9/1/2024,2.31,97.69
771,9/1/2024,2.31,97.69
772,9/1/2024,2.31,97.69
773,9/1/2024,2.31,97.69
774,9/1/2024,2.31,97.69
775,9/1/2024,2.31,97.69
776,9/1/2024,2.31,97.69
777,9/1/2024,2.31,97.69
778,9/1/2024,2.31,97.69
779,9/1/2024,2.31,97.69
780,9/1/2024,2.31,97.69
781,9/1/2024,2.31,97.69
782,9/1/2024,2.31,97.69
783,9/1/2024,2.31,97.69
784,9/1/2024,2.31,97.69
785,9/1/2024,2.31,97.69
786,9/1/2024,2.31,97.69
787,9/1/2024,2.31,97.69
788,9/1/2024,2.31,97.69
789,9/1/2024,2.31,97.69
790,9/1/2024,2.31,97.69
791,9/1/2024,2.31,97.69
792,9/1/2024,2.31,97.69
793,9/1/2024,2.31,97.69
794,9/1/2024,2.31,97.69
795,9/1/2024,2.31,97.69
796,9/1/2024,2.31,97.69
797,9/1/2024,2.31,97.69
798,9/1/2024,2.31,97.69
799,9/1/2024,2.31,97.69
800,9/1/2024,2.31,97.69
801,9/1/2024,2.31,97.69
802,9/1/2024,2.31,97.69
803,9/1/2024,2.31,97.69
804,9/1/2024,2.31,97.69
805,9/1/2024,2.31,97.69
806,9/1/2024,2.31,97.69
807,9/1/2024,2.31,97.69
808,9/1/2024,2.31,97.69
809,9/1/2024,2.31,97.69
810,9/1/2024,2.31,97.69
811,9/1/2024,2.31,97.69
812,9/1/2024,2.31,97.69
813,9/1/2024,2.31,97.69
814,9/1/2024,2.31,97.69
815,9/1/2024,2.31,97.69
816,9/1/2024,2.31,97.69
817,9/1/2024,2.31,97.69
818,9/1/2024,2.31,97.69
819,9/1/2024,2.31,97.69
820,9/1/2024,2.31,97.69
821,9/1/2024,2.31,97.69
822,9/1/2024,2.31,97.69
823,9/1/2024,2.31,97.69
824,9/1/2024,2.31,97.69
825,9/1/2024,2.31,97.69
826,9/1/2024,2.31,97.69
827,9/1/2024,2.31,97.69
828,9/1/2024,2.31,97.69
829,9/1/2024,2.31,97.69
830,9/1/2024,2.31,97.69
831,9/1/2024,2.31,97.69
832,9/1/2024,2.31,97.69
833,9/1/2024,2.31,97.69
834,9/1/2024,2.31,97.69
835,9/1/2024,2.31,97.69
836,9/2/2024,196.1,-96.1
837,9/2/2024,196.1,-96.1
838,9/2/2024,387.6,-287.6
839,9/2/2024,196.06,-96.06
840,9/2/2024,196.45,-96.45
841,9/2/2024,196.45,-96.45
842,9/2/2024,2.96,97.04
843,9/2/2024,2.96,97.04
844,9/2/2024,2.96,97.04
845,9/2/2024,2.97,97.03
846,9/2/2024,2.97,97.03
847,9/2/2024,3.3,96.7
848,9/2/2024,3.3,96.7
849,9/2/2024,3.3,96.7
850,9/2/2024,3.3,96.7
851,9/2/2024,3.3,96.7
852,9/2/2024,3.3,96.7
853,9/2/2024,3.3,96.7
854,9/2/2024,3.3,96.7
855,9/2/2024,3.3,96.7
856,9/2/2024,3.31,96.69
857,9/2/2024,3.31,96.69
858,9/2/2024,3.31,96.69
859,9/2/2024,3.31,96.69
860,9/2/2024,3.31,96.69
861,9/2/2024,3.31,96.69
862,9/2/2024,3.31,96.69
863,9/2/2024,3.31,96.69
864,9/2/2024,3.31,96.69
865,9/2/2024,3.31,96.69
866,9/2/2024,3.33,96.67
867,9/2/2024,3.33,96.67
868,9/2/2024,3.33,96.67
869,9/2/2024,3.35,96.65
870,9/2/2024,3.38,96.62
871,9/2/2024,3.38,96.62
872,9/2/2024,3.4,96.6
873,9/2/2024,3.37,96.63
874,9/2/2024,3.4,96.6
875,9/2/2024,3.4,96.6
876,9/2/2024,3.4,96.6
877,9/2/2024,3.42,96.58
878,9/2/2024,3.42,96.58
879,9/2/2024,3.43,96.57
880,9/2/2024,3.43,96.57
881,9/2/2024,3.43,96.57
882,9/2/2024,3.43,96.57
883,9/2/2024,3.45,96.55
884,9/2/2024,3.45,96.55
885,9/2/2024,3.45,96.55
886,9/2/2024,3.45,96.55
887,9/2/2024,3.45,96.55
888,9/2/2024,3.45,96.55
889,9/2/2024,3.45,96.55
890,9/2/2024,3.45,96.55
891,9/2/2024,3.28,96.72
892,9/2/2024,3.28,96.72
893,9/2/2024,3.28,96.72
894,9/2/2024,3.28,96.72
895,9/2/2024,3.3,96.7
896,9/2/2024,3.3,96.7
897,9/2/2024,3.3,96.7
898,9/2/2024,3.3,96.7
899,9/2/2024,3.3,96.7
900,9/2/2024,3.31,96.69
901,9/2/2024,3.31,96.69
902,9/2/2024,3.31,96.69
903,9/2/2024,3.31,96.69
904,9/2/2024,3.31,96.69
905,9/2/2024,3.31,96.69
906,9/2/2024,3.33,96.67
907,9/2/2024,3.33,96.67
908,9/2/2024,3.33,96.67
909,9/2/2024,3.33,96.67
910,9/2/2024,3.33,96.67
911,9/2/2024,3.33,96.67
912,9/2/2024,3.33,96.67
913,9/2/2024,3.33,96.67
914,9/2/2024,3.35,96.65
915,9/2/2024,3.35,96.65
916,9/2/2024,3.37,96.63
917,9/2/2024,3.37,96.63
918,9/2/2024,3.37,96.63
919,9/2/2024,3.37,96.63
920,9/2/2024,3.37,96.63
921,9/2/2024,3.37,96.63
922,9/2/2024,3.38,96.62
923,9/2/2024,3.38,96.62
924,9/2/2024,3.38,96.62
925,9/2/2024,3.38,96.62
926,9/2/2024,3.38,96.62
927,9/2/2024,3.38,96.62
928,9/2/2024,3.38,96.62
929,9/2/2024,3.38,96.62
930,9/2/2024,3.38,96.62
931,9/2/2024,3.38,96.62
932,9/2/2024,3.38,96.62
933,9/2/2024,3.4,96.6
934,9/2/2024,3.4,96.6
935,9/2/2024,3.4,96.6
936,9/2/2024,3.4,96.6
937,9/2/2024,3.4,96.6
938,9/2/2024,3.4,96.6
939,9/2/2024,3.4,96.6
940,9/2/2024,3.4,96.6
941,9/2/2024,3.42,96.58
942,9/2/2024,3.42,96.58
943,9/2/2024,3.42,96.58
944,9/2/2024,3.42,96.58
945,9/2/2024,3.42,96.58
946,9/2/2024,3.42,96.58
947,9/2/2024,3.42,96.58
948,9/2/2024,3.42,96.58
949,9/2/2024,3.42,96.58
950,9/2/2024,3.42,96.58
951,9/2/2024,3.42,96.58
952,9/2/2024,3.42,96.58
953,9/2/2024,3.42,96.58
954,9/2/2024,3.43,96.57
955,9/2/2024,3.43,96.57
956,9/2/2024,3.43,96.57
957,9/2/2024,3.45,96.55
958,9/2/2024,3.45,96.55
959,9/2/2024,3.45,96.55
960,9/2/2024,3.45,96.55
961,9/2/2024,3.45,96.55
962,9/2/2024,3.47,96.53
963,9/2/2024,3.47,96.53
964,9/2/2024,3.47,96.53
965,9/2/2024,3.48,96.52
966,9/2/2024,3.48,96.52
967,9/2/2024,3.48,96.52
968,9/2/2024,3.48,96.52
969,9/2/2024,3.5,96.5
970,9/2/2024,3.5,96.5
971,9/2/2024,3.5,96.5
972,9/2/2024,3.5,96.5
973,9/2/2024,3.5,96.5
974,9/2/2024,3.5,96.5
975,9/2/2024,3.5,96.5
976,9/2/2024,3.52,96.48
977,9/2/2024,3.52,96.48
978,9/2/2024,3.52,96.48
979,9/2/2024,3.52,96.48
980,9/2/2024,3.52,96.48
981,9/2/2024,3.54,96.46
982,9/2/2024,3.54,96.46
983,9/2/2024,3.54,96.46
984,9/2/2024,3.55,96.45
985,9/2/2024,3.55,96.45
986,9/2/2024,3.55,96.45
987,9/2/2024,3.55,96.45
988,9/2/2024,3.55,96.45
989,9/2/2024,3.55,96.45
990,9/2/2024,3.55,96.45
991,9/2/2024,3.55,96.45
992,9/2/2024,3.55,96.45
993,9/2/2024,3.57,96.43
994,9/2/2024,3.57,96.43
995,9/2/2024,3.59,96.41
996,9/2/2024,3.59,96.41
997,9/2/2024,3.6,96.4
998,9/2/2024,3.6,96.4
999,9/2/2024,3.62,96.38
1000,9/2/2024,3.62,96.38
1001,9/2/2024,3.64,96.36
1002,9/2/2024,3.64,96.36
1003,9/2/2024,3.64,96.36
1004,9/2/2024,3.64,96.36
1005,9/2/2024,3.64,96.36
1006,9/2/2024,3.65,96.35
1007,9/2/2024,3.65,96.35
1008,9/2/2024,3.65,96.35
1009,9/2/2024,3.65,96.35
1010,9/2/2024,3.67,96.33
1011,9/2/2024,3.67,96.33
1012,9/2/2024,3.67,96.33
1013,9/2/2024,3.67,96.33
1014,9/2/2024,3.67,96.33
1015,9/2/2024,3.71,96.29
1016,9/2/2024,3.71,96.29
1017,9/2/2024,3.71,96.29
1018,9/2/2024,3.71,96.29
1019,9/2/2024,3.71,96.29
1020,9/2/2024,3.71,96.29
1021,9/2/2024,3.71,96.29
1022,9/2/2024,3.71,96.29
1023,9/2/2024,3.71,96.29
1024,9/2/2024,3.72,96.28
1025,9/2/2024,3.72,96.28
1026,9/2/2024,3.74,96.26
1027,9/2/2024,3.74,96.26
1028,9/2/2024,3.76,96.24
1029,9/2/2024,3.76,96.24
1030,9/2/2024,3.76,96.24
1031,9/2/2024,3.77,96.23
1032,9/2/2024,3.77,96.23
1033,9/2/2024,3.77,96.23
1034,9/2/2024,3.79,96.21
1035,9/2/2024,3.79,96.21
1036,9/2/2024,3.79,96.21
1037,9/2/2024,3.79,96.21
1038,9/2/2024,3.79,96.21
1039,9/2/2024,3.81,96.19
1040,9/2/2024,3.81,96.19
1041,9/2/2024,3.81,96.19
1042,9/2/2024,3.81,96.19
1043,9/2/2024,3.82,96.18
1044,9/2/2024,3.82,96.18
1045,9/2/2024,3.84,96.16
1046,9/2/2024,3.84,96.16
1047,9/2/2024,3.84,96.16
1048,9/2/2024,3.84,96.16
1049,9/2/2024,3.86,96.14
1050,9/2/2024,3.86,96.14
1051,9/2/2024,3.88,96.12
1052,9/2/2024,3.88,96.12
1053,9/2/2024,3.88,96.12
1054,9/2/2024,3.89,96.11
1055,9/2/2024,3.89,96.11
1056,9/2/2024,3.89,96.11
1057,9/2/2024,3.89,96.11
1058,9/2/2024,3.89,96.11
1059,9/2/2024,3.91,96.09
1060,9/2/2024,3.91,96.09
1061,9/2/2024,3.91,96.09
1062,9/2/2024,3.93,96.07
1063,9/2/2024,3.93,96.07
1064,9/2/2024,3.94,96.06
1065,9/2/2024,3.94,96.06
1066,9/2/2024,3.96,96.04
1067,9/2/2024,3.96,96.04
1068,9/2/2024,3.96,96.04
1069,9/2/2024,3.96,96.04
1070,9/2/2024,3.96,96.04
1071,9/2/2024,3.96,96.04
1072,9/2/2024,3.96,96.04
1073,9/2/2024,3.96,96.04
1074,9/2/2024,3.98,96.02
1075,9/2/2024,3.98,96.02
1076,9/2/2024,3.98,96.02
1077,9/2/2024,3.98,96.02
1078,9/2/2024,3.98,96.02
1079,9/2/2024,3.98,96.02
1080,9/2/2024,3.98,96.02
1081,9/2/2024,4.01,95.99
1082,9/2/2024,4.03,95.97
1083,9/2/2024,4.05,95.95
1084,9/2/2024,4.05,95.95
1085,9/2/2024,4.06,95.94
1086,9/2/2024,4.08,95.92
1087,9/2/2024,4.08,95.92
1088,9/2/2024,4.08,95.92
1089,9/2/2024,4.08,95.92
1090,9/2/2024,4.08,95.92
1091,9/2/2024,4.08,95.92
1092,9/2/2024,4.1,95.9
1093,9/2/2024,4.1,95.9
1094,9/2/2024,4.1,95.9
1095,9/2/2024,4.1,95.9
1096,9/2/2024,4.11,95.89
1097,9/2/2024,4.11,95.89
1098,9/2/2024,4.13,95.87
1099,9/2/2024,4.13,95.87
1100,9/2/2024,4.13,95.87
1101,9/2/2024,4.13,95.87
1102,9/2/2024,4.13,95.87
1103,9/2/2024,4.13,95.87
1104,9/2/2024,4.15,95.85
1105,9/2/2024,4.15,95.85
1106,9/2/2024,4.15,95.85
1107,9/2/2024,4.16,95.84
1108,9/2/2024,4.16,95.84
1109,9/2/2024,4.16,95.84
1110,9/2/2024,4.16,95.84
1111,9/2/2024,4.18,95.82
1112,9/2/2024,4.18,95.82
1113,9/2/2024,4.18,95.82
1114,9/2/2024,4.18,95.82
1115,9/2/2024,4.18,95.82
1116,9/2/2024,4.2,95.8
1117,9/2/2024,4.2,95.8
1118,9/2/2024,4.22,95.78
1119,9/2/2024,4.22,95.78
1120,9/2/2024,4.23,95.77
1121,9/2/2024,4.23,95.77
1122,9/2/2024,4.23,95.77
1123,9/2/2024,4.25,95.75
1124,9/2/2024,4.25,95.75
1125,9/2/2024,4.27,95.73
1126,9/2/2024,4.27,95.73
1127,9/2/2024,4.27,95.73
1128,9/2/2024,4.28,95.72
1129,9/2/2024,4.28,95.72
1130,9/2/2024,4.28,95.72
1131,9/2/2024,4.28,95.72
1132,9/2/2024,4.28,95.72
1133,9/2/2024,4.28,95.72
1134,9/2/2024,4.3,95.7
1135,9/2/2024,4.3,95.7
1136,9/2/2024,4.32,95.68
1137,9/2/2024,4.32,95.68
1138,9/2/2024,4.33,95.67
1139,9/2/2024,4.33,95.67
1140,9/2/2024,4.33,95.67
1141,9/2/2024,4.33,95.67
1142,9/2/2024,4.33,95.67
1143,9/2/2024,4.35,95.65
1144,9/2/2024,4.35,95.65
1145,9/2/2024,4.37,95.63
1146,9/2/2024,4.37,95.63
1147,9/2/2024,4.37,95.63
1148,9/2/2024,4.37,95.63
1149,9/2/2024,4.39,95.61
1150,9/2/2024,4.39,95.61
1151,9/2/2024,4.39,95.61
1152,9/2/2024,4.4,95.6
1153,9/2/2024,4.4,95.6
1154,9/2/2024,4.4,95.6
1155,9/2/2024,4.4,95.6
1156,9/2/2024,4.4,95.6
1157,9/2/2024,4.4,95.6
1158,9/2/2024,4.4,95.6
1159,9/2/2024,4.4,95.6
1160,9/2/2024,4.42,95.58
1161,9/2/2024,10.57,89.43
1162,9/2/2024,56.22,43.78
1163,9/2/2024,56.22,43.78
1164,9/2/2024,4.42,95.58
1165,9/2/2024,80.94,19.06
1166,9/2/2024,80.94,19.06
1167,9/2/2024,116.62,-16.62
1168,9/2/2024,116.62,-16.62
1169,9/2/2024,150.19,-50.19
1170,9/2/2024,150.19,-50.19
1171,9/2/2024,153.93,-53.93
1172,9/2/2024,153.93,-53.93
1173,9/2/2024,153.93,-53.93
1174,9/2/2024,153.93,-53.93
1175,9/2/2024,154.26,-54.26
1176,9/2/2024,154.26,-54.26
1177,9/2/2024,154.27,-54.27
1178,9/2/2024,154.27,-54.27
1179,9/2/2024,154.29,-54.29
1180,9/2/2024,154.29,-54.29
1181,9/2/2024,154.29,-54.29
1182,9/2/2024,154.31,-54.31
1183,9/2/2024,154.31,-54.31
1184,9/2/2024,154.31,-54.31
1185,9/2/2024,154.33,-54.33
1186,9/2/2024,154.33,-54.33
1187,9/2/2024,154.33,-54.33
1188,9/2/2024,154.34,-54.34
1189,9/2/2024,154.34,-54.34
1190,9/2/2024,154.34,-54.34
1191,9/2/2024,154.34,-54.34
1192,9/2/2024,154.34,-54.34
1193,9/2/2024,154.36,-54.36
1194,9/2/2024,154.36,-54.36
1195,9/2/2024,154.38,-54.38
1196,9/2/2024,154.38,-54.38
1197,9/2/2024,154.38,-54.38
1198,9/2/2024,154.38,-54.38
1199,9/2/2024,154.39,-54.39
1200,9/2/2024,154.39,-54.39
1201,9/2/2024,154.39,-54.39
1202,9/2/2024,154.41,-54.41
1203,9/2/2024,1.97,98.03
1204,9/2/2024,1.99,98.01
1205,9/2/2024,2.64,97.36
1206,9/2/2024,6.51,93.49
1207,9/2/2024,6.51,93.49
1208,9/2/2024,6.53,93.47
1209,9/2/2024,6.53,93.47
1210,9/2/2024,6.53,93.47
1211,9/2/2024,6.53,93.47
1212,9/2/2024,6.53,93.47
1213,9/2/2024,1.97,98.03
1214,9/2/2024,1.97,98.03
1215,9/2/2024,1.99,98.01
1216,9/2/2024,4.9,95.1
1217,9/2/2024,9.5,90.5
1218,9/2/2024,9.5,90.5
1219,9/2/2024,10.79,89.21
1220,9/2/2024,10.81,89.19
1221,9/2/2024,10.81,89.19
1222,9/2/2024,10.81,89.19
1223,9/2/2024,10.81,89.19
1224,9/2/2024,10.81,89.19
1225,9/2/2024,10.81,89.19
1226,9/2/2024,10.83,89.17
1227,9/2/2024,10.83,89.17
1228,9/2/2024,10.85,89.15
1229,9/2/2024,10.85,89.15
1230,9/2/2024,10.85,89.15
1231,9/2/2024,10.85,89.15
1232,9/2/2024,10.85,89.15
1233,9/2/2024,10.86,89.14
1234,9/2/2024,10.86,89.14
1235,9/2/2024,11.81,88.19
1236,9/2/2024,11.83,88.17
1237,9/2/2024,11.83,88.17
1238,9/2/2024,11.83,88.17
1239,9/2/2024,11.83,88.17
1240,9/2/2024,11.83,88.17
1241,9/2/2024,12.8,87.2
1242,9/2/2024,12.8,87.2
1243,9/2/2024,13.77,86.23
1244,9/2/2024,13.77,86.23
1245,9/2/2024,13.77,86.23
1246,9/2/2024,14.74,85.26
1247,9/2/2024,14.74,85.26
1248,9/2/2024,14.74,85.26
1249,9/2/2024,15.71,84.29
1250,9/2/2024,15.71,84.29
1251,9/2/2024,16.68,83.32
1252,9/2/2024,16.68,83.32
1253,9/2/2024,16.68,83.32
1254,9/2/2024,17.65,82.35
1255,9/2/2024,17.65,82.35
1256,9/2/2024,17.65,82.35
1257,9/2/2024,18.62,81.38